PatientID,Name,BP_T1,BP_T2,BP_T3,HR_T1,HR_T2,HR_T3,Temp_T1,Temp_T2,Temp_T3
2001,John,120/80,125/85,130/82,72,75,70,98.6,99.1,98.9
2002,Jane,110/70,115/75,118/74,80,82,79,98.4,98.7,98.8
2003,Sam,140/90,142/92,138/88,90,88,85,99.0,98.8,98.6
2004,Ana,135/85,137/88,133/86,78,79,77,98.7,99.0,98.7
2005,Max,125/80,128/85,130/82,77,78,75,98.5,98.9,98.7
2006,Lily,119/78,123/80,125/79,74,75,73,98.6,98.8,98.7
2007,Carl,128/84,130/88,132/86,85,87,84,98.9,99.2,98.9
2008,Ella,126/82,129/84,130/83,79,80,77,98.7,98.9,98.8
2009,Oscar,115/79,118/81,120/80,81,82,80,98.5,98.8,98.7
2010,Ruby,132/86,135/89,137/88,76,77,74,98.8,99.0,98.8
2011,Alex,121/80,124/83,127/82,71,72,70,98.6,98.9,98.7
2012,Bella,118/76,120/78,122/77,75,76,74,98.5,98.7,98.6
2013,Chris,141/92,143/94,140/90,89,88,86,99.1,98.8,98.7
2014,Dina,136/87,138/90,134/88,79,81,78,98.8,99.1,98.7
2015,Eli,127/82,129/85,131/84,78,79,77,98.6,98.8,98.7
2016,Faye,120/80,124/83,126/82,74,75,72,98.6,98.8,98.7
2017,Gary,130/85,132/88,134/86,84,86,83,98.8,99.1,98.8
2018,Hope,127/83,130/85,132/84,78,79,76,98.7,98.9,98.8
2019,Ian,116/77,119/80,121/78,80,81,79,98.5,98.8,98.7
2020,Jill,133/88,136/90,138/87,75,76,73,98.8,99.0,98.8
2021,Ken,122/80,125/84,128/81,72,73,71,98.6,98.9,98.7
2022,Liz,117/75,121/78,124/77,74,75,73,98.5,98.7,98.6
2023,Moe,142/92,144/95,141/91,88,87,85,99.0,98.7,98.6
2024,Nia,137/89,139/92,135/89,79,80,78,98.8,99.1,98.7
2025,Omar,128/84,130/86,132/85,78,79,77,98.6,98.8,98.7
2026,Pam,121/81,124/83,125/82,73,74,72,98.6,98.9,98.7
2027,Quinn,131/87,134/90,136/86,84,85,82,98.9,99.2,98.8
2028,Rae,128/83,131/85,132/84,78,79,76,98.7,98.9,98.8
2029,Sal,117/78,120/80,122/78,80,81,79,98.5,98.8,98.7
2030,Ted,134/90,137/93,139/88,75,76,74,98.8,99.0,98.8
2031,Uma,123/81,126/84,129/83,71,72,70,98.6,98.9,98.7
2032,Vic,119/76,122/78,124/77,75,76,74,98.5,98.7,98.6
2033,Wes,143/91,145/94,142/92,89,88,86,99.1,98.8,98.7
2034,Xena,138/88,140/91,136/89,79,81,78,98.8,99.1,98.7
2035,Yuri,129/83,132/86,134/84,78,79,77,98.6,98.8,98.7
2036,Zara,122/80,125/82,127/81,74,75,72,98.6,98.8,98.7
2037,Andy,131/87,134/89,136/86,84,86,83,98.8,99.1,98.8
2038,Bea,128/82,131/84,132/83,78,79,76,98.7,98.9,98.8
2039,Cleo,116/77,119/80,121/78,80,81,79,98.5,98.8,98.7
2040,Dean,133/88,136/90,138/87,75,76,73,98.8,99.0,98.8
2041,Erin,120/80,123/83,126/82,74,75,72,98.6,98.8,98.7
2042,Fred,130/85,132/88,134/86,84,86,83,98.8,99.1,98.8
2043,Gwen,127/83,130/85,132/84,78,79,76,98.7,98.9,98.8
2044,Hugh,115/79,118/81,120/80,81,82,80,98.5,98.8,98.7
2045,Izzy,132/86,135/89,137/88,76,77,74,98.8,99.0,98.8
2046,Jack,121/80,124/83,127/82,71,72,70,98.6,98.9,98.7
2047,Kate,118/76,120/78,122/77,75,76,74,98.5,98.7,98.6
2048,Luke,141/92,143/94,140/90,89,88,86,99.1,98.8,98.7
2049,Maya,136/87,138/90,134/88,79,81,78,98.8,99.1,98.7
2050,Nate,127/82,129/85,131/84,78,79,77,98.6,98.8,98.7